{"cameraMode":{"drawMode":0,"name":"Shaded","section":"Shading Mode"},"sceneLighting":false,"audioPlay":false,"sceneViewState":{"showFog":true,"showMaterialUpdate":false,"showSkybox":false,"showFlares":true,"showImageEffects":true,"showParticleSystems":true},"in2DMode":false,"pivot":{"x":-1.8723516464233399,"y":64.90473937988281,"z":-99.32057189941406},"rotation":{"x":0.8453986644744873,"y":0.005607550032436848,"z":-0.008877009153366089,"w":0.5340327024459839},"size":1.7320507764816285,"orthographic":true}