{"cameraMode":{"drawMode":0,"name":"Shaded","section":"Shading Mode"},"sceneLighting":false,"audioPlay":false,"sceneViewState":{"showFog":true,"showMaterialUpdate":false,"showSkybox":false,"showFlares":true,"showImageEffects":true,"showParticleSystems":true},"in2DMode":false,"pivot":{"x":11.527647018432618,"y":65.0047378540039,"z":-128.4205780029297},"rotation":{"x":0.8453986644744873,"y":0.005607550032436848,"z":-0.008877009153366089,"w":0.5340327024459839},"size":3.316624879837036,"orthographic":true}