{"cameraMode":{"drawMode":0,"name":"Shaded","section":"Shading Mode"},"sceneLighting":false,"audioPlay":false,"sceneViewState":{"showFog":true,"showMaterialUpdate":false,"showSkybox":false,"showFlares":true,"showImageEffects":true,"showParticleSystems":true},"in2DMode":false,"pivot":{"x":-0.14999961853027345,"y":1.0499992370605469,"z":196.37942504882813},"rotation":{"x":0.8339501619338989,"y":0.008275146596133709,"z":-0.012510186061263085,"w":0.5516350269317627},"size":0.8660253882408142,"orthographic":true}